-- phpMyAdmin SQL Dump
-- version 5.2.1
-- https://www.phpmyadmin.net/
--
-- Máy chủ: 127.0.0.1
-- Thời gian đã tạo: Th12 15, 2025 lúc 07:57 AM
-- Phiên bản máy phục vụ: 10.4.32-MariaDB
-- Phiên bản PHP: 8.0.30

SET SQL_MODE = "NO_AUTO_VALUE_ON_ZERO";
START TRANSACTION;
SET time_zone = "+00:00";


/*!40101 SET @OLD_CHARACTER_SET_CLIENT=@@CHARACTER_SET_CLIENT */;
/*!40101 SET @OLD_CHARACTER_SET_RESULTS=@@CHARACTER_SET_RESULTS */;
/*!40101 SET @OLD_COLLATION_CONNECTION=@@COLLATION_CONNECTION */;
/*!40101 SET NAMES utf8mb4 */;

--
-- Cơ sở dữ liệu: `ktx_management`
--

-- --------------------------------------------------------

--
-- Cấu trúc bảng cho bảng `diennuoc`
--

CREATE TABLE `diennuoc` (
  `ID` int(11) NOT NULL,
  `MaPhong` varchar(20) DEFAULT NULL,
  `Thang` varchar(20) DEFAULT NULL,
  `SoDien` int(11) DEFAULT NULL,
  `SoNuoc` int(11) DEFAULT NULL
) ENGINE=InnoDB DEFAULT CHARSET=utf8mb4 COLLATE=utf8mb4_unicode_ci;

--
-- Đang đổ dữ liệu cho bảng `diennuoc`
--

INSERT INTO `diennuoc` (`ID`, `MaPhong`, `Thang`, `SoDien`, `SoNuoc`) VALUES
(1, '3811', '2025-08', 333, 44),
(2, '3479', '2024-03', 107, 117),
(3, '3334', '2024-01', 320, 98),
(4, '5003', '2025-08', 314, 108),
(5, '7937', '2025-06', 195, 77),
(6, '6660', '2024-11', 389, 197),
(7, '3811', '2025-08', 214, 194),
(8, '9181', '2023-03', 256, 156),
(9, '9874', '2024-07', 236, 31),
(10, '5311', '2023-11', 328, 88),
(11, '6900', '2025-10', 493, 136),
(12, '3479', '2024-09', 319, 84),
(13, '4347', '2023-08', 404, 79),
(14, '9016', '2024-02', 128, 111),
(15, '3334', '2023-04', 464, 49),
(16, '4035', '2024-12', 468, 149),
(17, '3811', '2024-01', 305, 149),
(18, '4035', '2025-05', 170, 82),
(19, '9009', '2024-01', 419, 103),
(20, '9390', '2025-08', 51, 12),
(21, '9165', '2024-10', 71, 37),
(22, '8649', '2024-01', 492, 170),
(23, '9390', '2023-08', 451, 103),
(24, '4347', '2023-08', 359, 105),
(25, '9016', '2024-08', 386, 120),
(26, '6900', '2024-12', 123, 68),
(27, '3681', '2025-01', 456, 92),
(28, '3334', '2024-07', 476, 148),
(29, '6660', '2025-12', 139, 184),
(30, '9874', '2025-02', 437, 49),
(31, '9016', '2025-07', 440, 53),
(32, '9181', '2023-08', 47, 109),
(33, '6660', '2024-07', 422, 35),
(34, '3811', '2024-10', 179, 138),
(35, '8649', '2025-04', 243, 179),
(36, '3334', '2024-05', 415, 84),
(37, '5825', '2025-01', 38, 150),
(38, '6900', '2024-06', 369, 71),
(39, '4347', '2024-05', 138, 83),
(40, '9181', '2025-05', 389, 40);

-- --------------------------------------------------------

--
-- Cấu trúc bảng cho bảng `hopdong`
--

CREATE TABLE `hopdong` (
  `MaHD` varchar(20) NOT NULL,
  `MaSV` varchar(20) DEFAULT NULL,
  `MaPhong` varchar(20) DEFAULT NULL,
  `NgayBD` date DEFAULT NULL,
  `NgayKT` date DEFAULT NULL,
  `TinhTrang` varchar(30) DEFAULT NULL
) ENGINE=InnoDB DEFAULT CHARSET=utf8mb4 COLLATE=utf8mb4_unicode_ci;

--
-- Đang đổ dữ liệu cho bảng `hopdong`
--

INSERT INTO `hopdong` (`MaHD`, `MaSV`, `MaPhong`, `NgayBD`, `NgayKT`, `TinhTrang`) VALUES
('HD1027', '2224752032', '2870', '2025-06-28', '2026-04-28', 'Hết hạn'),
('HD1031', '2228832877', '9874', '2025-02-02', '2025-08-02', 'Đang hiệu lực'),
('HD1198', '2226812494', '7937', '2025-07-05', '2026-02-05', 'Chờ duyệt'),
('HD1257', '2228478329', '4347', '2023-06-01', '2024-03-01', 'Hết hạn'),
('HD1263', '2222740211', '2870', '2024-04-06', '2025-04-06', 'Hết hạn'),
('HD1337', '2230814024', '2870', '2024-07-05', '2025-07-05', 'Chờ duyệt'),
('HD1429', '2223143203', '5003', '2023-01-19', '2023-09-19', 'Hết hạn'),
('HD1459', '2222449490', '9390', '2024-09-17', '2025-09-17', 'Hết hạn'),
('HD1461', '2230688730', '5003', '2023-05-05', '2023-12-05', 'Đang hiệu lực'),
('HD1464', '2228957505', '6660', '2023-02-10', '2023-09-10', 'Hết hạn'),
('HD1573', '2230074024', '4347', '2025-05-26', '2025-12-26', 'Chờ duyệt'),
('HD1951', '2227068628', '3479', '2023-01-19', '2023-08-19', 'Chờ duyệt'),
('HD2059', '2228319165', '5825', '2024-08-04', '2025-04-04', 'Chờ duyệt'),
('HD2244', '2228332096', '2870', '2025-04-06', '2026-03-06', 'Đang hiệu lực'),
('HD2410', '2221065129', '4347', '2023-08-09', '2024-06-09', 'Chờ duyệt'),
('HD2454', '2222332000', '6660', '2023-11-03', '2024-08-03', 'Hết hạn'),
('HD2492', '2230954969', '6660', '2025-06-07', '2025-12-07', 'Hết hạn'),
('HD2732', '2228292304', '9390', '2024-08-29', '2025-04-29', 'Chờ duyệt'),
('HD2852', '2225394637', '9874', '2023-02-04', '2023-08-04', 'Đang hiệu lực'),
('HD2926', '2226185004', '7937', '2023-01-19', '2023-09-19', 'Đang hiệu lực'),
('HD3110', '2227157398', '3479', '2023-11-03', '2024-05-03', 'Hết hạn'),
('HD3318', '2230566951', '4035', '2025-09-22', '2026-07-22', 'Đang hiệu lực'),
('HD3402', '2221842345', '8649', '2024-08-03', '2025-05-03', 'Đang hiệu lực'),
('HD3475', '2230569326', '5311', '2024-01-19', '2024-07-19', 'Chờ duyệt'),
('HD3548', '2230160734', '9016', '2024-02-04', '2024-11-04', 'Chờ duyệt'),
('HD3566', '2228832877', '9009', '2025-02-08', '2026-02-08', 'Hết hạn'),
('HD3675', '2222629943', '3681', '2023-01-03', '2023-07-03', 'Đang hiệu lực'),
('HD3694', '2224299187', '4347', '2024-11-10', '2025-05-10', 'Chờ duyệt'),
('HD3849', '2230742117', '3334', '2024-02-14', '2025-02-14', 'Đang hiệu lực'),
('HD3850', '2227698813', '5311', '2024-12-26', '2025-06-26', 'Hết hạn'),
('HD3907', '2227157398', '4347', '2025-03-05', '2025-10-05', 'Chờ duyệt'),
('HD3950', '2221505547', '4035', '2025-06-28', '2026-02-28', 'Đang hiệu lực'),
('HD3955', '2228957505', '5003', '2025-05-22', '2025-11-22', 'Chờ duyệt'),
('HD4155', '2230386812', '9181', '2023-12-19', '2024-12-19', 'Đang hiệu lực'),
('HD4262', '2225765591', '6660', '2024-08-29', '2025-08-29', 'Chờ duyệt'),
('HD4271', '2227108882', '5003', '2025-01-07', '2025-10-07', 'Chờ duyệt'),
('HD4385', '2226480944', '3811', '2023-11-29', '2024-10-29', 'Hết hạn'),
('HD4496', '2226812494', '5311', '2023-10-25', '2024-07-25', 'Đang hiệu lực'),
('HD4660', '2223987945', '5311', '2025-12-29', '2026-09-29', 'Hết hạn'),
('HD4670', '2226141157', '9009', '2025-04-22', '2025-10-22', 'Hết hạn'),
('HD4844', '2228600598', '3479', '2024-04-19', '2025-03-19', 'Đang hiệu lực'),
('HD4914', '2227420574', '3334', '2025-07-05', '2026-04-05', 'Chờ duyệt'),
('HD5041', '2221065129', '7937', '2024-10-09', '2025-10-09', 'Đang hiệu lực'),
('HD5046', '2222184118', '4035', '2023-08-14', '2024-04-14', 'Hết hạn'),
('HD5394', '2225304482', '9009', '2024-11-04', '2025-08-04', 'Chờ duyệt'),
('HD5460', '2222740211', '9181', '2025-06-24', '2026-05-24', 'Hết hạn'),
('HD5584', '2227723786', '9165', '2024-12-28', '2025-10-28', 'Đang hiệu lực'),
('HD5682', '2227420574', '3681', '2023-06-08', '2023-12-08', 'Đang hiệu lực'),
('HD5734', '2221236965', '3811', '2025-09-05', '2026-07-05', 'Hết hạn'),
('HD5828', '2228832877', '2870', '2024-07-19', '2025-06-19', 'Chờ duyệt'),
('HD5891', '2228809029', '3334', '2025-12-22', '2026-10-22', 'Chờ duyệt'),
('HD5893', '2221236965', '9165', '2023-07-19', '2024-02-19', 'Hết hạn'),
('HD5905', '2222629943', '3479', '2023-12-25', '2024-09-25', 'Hết hạn'),
('HD5913', '2229145996', '4347', '2023-08-23', '2024-08-23', 'Hết hạn'),
('HD5921', '2229009089', '3334', '2025-07-07', '2026-06-07', 'Hết hạn'),
('HD6049', '2222457982', '4347', '2023-08-28', '2024-03-28', 'Hết hạn'),
('HD6158', '2222449490', '3479', '2024-08-26', '2025-06-26', 'Đang hiệu lực'),
('HD6181', '2224752032', '3479', '2024-01-10', '2024-10-10', 'Chờ duyệt'),
('HD6237', '2223050610', '4347', '2024-02-16', '2024-09-16', 'Hết hạn'),
('HD6448', '2223350578', '9009', '2024-04-21', '2025-01-21', 'Hết hạn'),
('HD6467', '2225394637', '6660', '2025-07-19', '2026-07-19', 'Đang hiệu lực'),
('HD6707', '2222629943', '9874', '2023-06-01', '2024-03-01', 'Hết hạn'),
('HD6739', '2224752032', '6660', '2025-07-13', '2026-07-13', 'Đang hiệu lực'),
('HD6755', '2221878864', '3811', '2025-07-29', '2026-03-29', 'Đang hiệu lực'),
('HD6835', '2225394637', '2870', '2023-07-23', '2024-04-23', 'Chờ duyệt'),
('HD6942', '2226005996', '3479', '2024-01-16', '2024-09-16', 'Đang hiệu lực'),
('HD7017', '2222449490', '6900', '2024-12-16', '2025-08-16', 'Đang hiệu lực'),
('HD7104', '2230814024', '8649', '2025-06-04', '2026-04-04', 'Chờ duyệt'),
('HD7316', '2225908101', '9181', '2023-04-11', '2024-02-11', 'Hết hạn'),
('HD7567', '2225908101', '6900', '2024-04-05', '2025-01-05', 'Đang hiệu lực'),
('HD7588', '2223350578', '4035', '2025-01-22', '2025-11-22', 'Hết hạn'),
('HD7625', '2230566951', '9181', '2023-09-02', '2024-07-02', 'Đang hiệu lực'),
('HD7742', '2223535728', '3479', '2023-07-04', '2024-07-04', 'Chờ duyệt'),
('HD7854', '2225765591', '3479', '2025-05-17', '2026-02-17', 'Chờ duyệt'),
('HD7972', '2228319165', '9009', '2023-10-10', '2024-09-10', 'Đang hiệu lực'),
('HD8020', '2221413901', '9874', '2024-07-10', '2025-03-10', 'Chờ duyệt'),
('HD8102', '2226005996', '9165', '2023-06-09', '2024-02-09', 'Chờ duyệt'),
('HD8337', '2229615247', '9181', '2024-04-13', '2024-11-13', 'Chờ duyệt'),
('HD8341', '2225304482', '2870', '2025-08-21', '2026-03-21', 'Đang hiệu lực'),
('HD8463', '2230274418', '4347', '2025-10-22', '2026-08-22', 'Chờ duyệt'),
('HD8532', '2227119239', '7937', '2024-02-20', '2024-10-20', 'Đang hiệu lực'),
('HD8690', '2226185004', '4347', '2024-10-19', '2025-06-19', 'Chờ duyệt'),
('HD8766', '2224752032', '3811', '2025-03-04', '2026-01-04', 'Đang hiệu lực'),
('HD8888', '2230569326', '3681', '2024-12-22', '2025-09-22', 'Chờ duyệt'),
('HD8952', '2221236965', '2870', '2023-12-17', '2024-10-17', 'Chờ duyệt'),
('HD8957', '2229840052', '6660', '2025-03-26', '2025-10-26', 'Đang hiệu lực'),
('HD9025', '2225065278', '9016', '2025-04-24', '2026-02-24', 'Đang hiệu lực'),
('HD9028', '2226005996', '4035', '2025-12-04', '2026-09-04', 'Chờ duyệt'),
('HD9077', '2222631087', '9009', '2025-06-19', '2026-03-19', 'Chờ duyệt'),
('HD9158', '2228186949', '9390', '2024-03-27', '2025-01-27', 'Đang hiệu lực'),
('HD9297', '2224752032', '9874', '2024-06-15', '2025-01-15', 'Đang hiệu lực'),
('HD9468', '2224299187', '3479', '2023-12-29', '2024-06-29', 'Chờ duyệt'),
('HD9481', '2221704256', '4347', '2023-06-25', '2024-03-25', 'Hết hạn'),
('HD9519', '2226571648', '9874', '2025-07-21', '2026-01-21', 'Chờ duyệt'),
('HD9524', '2230954969', '4347', '2024-09-29', '2025-04-29', 'Chờ duyệt'),
('HD9543', '2222706654', '5311', '2023-01-17', '2023-10-17', 'Chờ duyệt'),
('HD9698', '2223350578', '8649', '2024-07-29', '2025-06-29', 'Chờ duyệt'),
('HD9756', '2229284663', '9181', '2024-08-09', '2025-02-09', 'Chờ duyệt'),
('HD9761', '2226000714', '6660', '2023-02-03', '2024-02-03', 'Hết hạn'),
('HD9819', '2221704256', '5311', '2024-05-06', '2024-11-06', 'Chờ duyệt');

-- --------------------------------------------------------

--
-- Cấu trúc bảng cho bảng `phong`
--

CREATE TABLE `phong` (
  `MaPhong` varchar(20) NOT NULL,
  `LoaiPhong` varchar(50) DEFAULT NULL,
  `SoNguoiToiDa` int(11) DEFAULT NULL,
  `TinhTrang` varchar(50) DEFAULT NULL
) ENGINE=InnoDB DEFAULT CHARSET=utf8mb4 COLLATE=utf8mb4_unicode_ci;

--
-- Đang đổ dữ liệu cho bảng `phong`
--

INSERT INTO `phong` (`MaPhong`, `LoaiPhong`, `SoNguoiToiDa`, `TinhTrang`) VALUES
('2870', 'A', 8, 'Trống'),
('3334', 'B', 7, 'Bảo trì'),
('3479', 'A', 10, 'Bảo trì'),
('3681', 'A', 9, 'Trống'),
('3811', 'B', 10, 'Trống'),
('4035', 'A', 12, 'Đầy'),
('4347', 'C', 7, 'Trống'),
('5003', 'A', 9, 'Đầy'),
('5311', 'A', 12, 'Bảo trì'),
('5825', 'B', 8, 'Đầy'),
('6660', 'A', 9, 'Bảo trì'),
('6900', 'A', 12, 'Trống'),
('7937', 'A', 9, 'Bảo trì'),
('8649', 'A', 11, 'Trống'),
('9009', 'C', 4, 'Trống'),
('9016', 'B', 9, 'Trống'),
('9165', 'A', 11, 'Bảo trì'),
('9181', 'A', 12, 'Trống'),
('9390', 'A', 11, 'Đầy'),
('9874', 'A', 8, 'Trống');

-- --------------------------------------------------------

--
-- Cấu trúc bảng cho bảng `sinhvien`
--

CREATE TABLE `sinhvien` (
  `MaSV` varchar(20) NOT NULL,
  `HoTen` varchar(100) NOT NULL,
  `NgaySinh` date NOT NULL,
  `GioiTinh` varchar(10) DEFAULT NULL,
  `Lop` varchar(50) DEFAULT NULL,
  `SDT` varchar(15) DEFAULT NULL,
  `DiaChi` varchar(200) DEFAULT NULL
) ENGINE=InnoDB DEFAULT CHARSET=utf8mb4 COLLATE=utf8mb4_unicode_ci;

--
-- Đang đổ dữ liệu cho bảng `sinhvien`
--

INSERT INTO `sinhvien` (`MaSV`, `HoTen`, `NgaySinh`, `GioiTinh`, `Lop`, `SDT`, `DiaChi`) VALUES
('2221065129', 'Phạm Thanh Dũng', '2000-08-04', 'Nữ', 'CNTT2', '0964416346', 'Nghệ An'),
('2221236965', 'Phạm Xuân Nam', '2000-06-14', 'Nam', 'CNTT1', '0970277824', 'TP.HCM'),
('2221413901', 'Hoàng Tuấn Phong', '2005-04-26', 'Nữ', 'HTTT1', '0914658538', 'Thanh Hóa'),
('2221505547', 'Nguyễn Xuân Linh', '2002-11-19', 'Nữ', 'Công nghệ phần mềm 1', '0997027670', 'Thanh Hóa'),
('2221571613', 'Hoàng Văn Yến', '2005-05-14', 'Nữ', 'CNTT2', '0949409793', 'Hà Nội'),
('2221704256', 'Hoàng Tuấn Linh', '2004-05-20', 'Nam', 'HTTT2', '0988311373', 'Hải Phòng'),
('2221842345', 'Vũ Tuấn Trang', '2001-02-08', 'Nam', 'HTTT2', '0957425033', 'Hải Phòng'),
('2221878864', 'Phạm Ngọc Vy', '2004-04-09', 'Nữ', 'CNTT1', '0951506685', 'TP.HCM'),
('2222184118', 'Vũ Thanh Linh', '2003-05-08', 'Nam', 'Công nghệ phần mềm 1', '0988685676', 'Đà Nẵng'),
('2222332000', 'Nguyễn Tuấn Yến', '2001-07-09', 'Nam', 'HTTT1', '0974829647', 'Hà Nội'),
('2222449490', 'Vũ Văn Huy', '1999-11-13', 'Nữ', 'Công nghệ phần mềm 1', '0956138793', 'Đà Nẵng'),
('2222457982', 'Trần Ngọc Trang', '2003-08-13', 'Nữ', 'CNTT3', '0942727304', 'Hải Phòng'),
('2222629943', 'Hoàng Tuấn Bình', '2002-04-07', 'Nữ', 'HTTT2', '0959855380', 'Nam Định'),
('2222631087', 'Hoàng Thị Bình', '2000-05-09', 'Nam', 'CNTT2', '0951813969', 'Nam Định'),
('2222706654', 'Vũ Ngọc Vy', '2001-05-05', 'Nam', 'CNTT2', '0944993037', 'Hải Phòng'),
('2222740211', 'Hoàng Quang Phong', '2004-08-26', 'Nữ', 'CNTT1', '0993968102', 'Thanh Hóa'),
('2223050610', 'Lê Tuấn Nam', '2002-07-12', 'Nam', 'Công nghệ phần mềm 1', '0914160006', 'TP.HCM'),
('2223143203', 'Phạm Văn Nam', '2004-11-17', 'Nữ', 'CNTT1', '0919516268', 'Hải Phòng'),
('2223159913', 'Bùi Thị Yến', '2001-07-20', 'Nam', 'CNTT3', '0951222548', 'Nam Định'),
('2223230373', 'Vũ Đức Dũng', '1999-05-02', 'Nữ', 'HTTT2', '0999194656', 'Thanh Hóa'),
('2223350578', 'Hoàng Xuân Châu', '2002-04-03', 'Nữ', 'HTTT2', '0915710934', 'Nghệ An'),
('2223535728', 'Đặng Thị Khánh', '2005-08-07', 'Nữ', 'HTTT2', '0966921250', 'TP.HCM'),
('2223987945', 'Vũ Ngọc An', '2005-12-10', 'Nam', 'CNTT1', '0946915311', 'Thanh Hóa'),
('2224115607', 'Hoàng Tuấn Huy', '1999-11-22', 'Nữ', 'Công nghệ phần mềm 1', '0979740804', 'Thanh Hóa'),
('2224299187', 'Hoàng Thanh Châu', '1999-04-13', 'Nữ', 'CNTT2', '0929455725', 'Nghệ An'),
('2224374421', 'Đặng Đức Vy', '2002-12-22', 'Nam', 'Công nghệ phần mềm 1', '0999331358', 'Thanh Hóa'),
('2224390579', 'Nguyễn Tuấn An', '2001-03-24', 'Nữ', 'HTTT1', '0940744031', 'Đà Nẵng'),
('2224390694', 'Vũ Thị Bình', '2005-09-11', 'Nữ', 'CNTT1', '0911666768', 'Nam Định'),
('2224448934', 'Bùi Hữu Mai', '2004-10-22', 'Nữ', 'CNTT3', '0992337031', 'TP.HCM'),
('2224733285', 'Nguyễn Hữu Trang', '2003-11-24', 'Nam', 'CNTT2', '0972941771', 'Thanh Hóa'),
('2224752032', 'Trần Tuấn Khánh', '2002-08-23', 'Nữ', 'CNTT3', '0979778200', 'Đà Nẵng'),
('2224897039', 'Nguyễn Tuấn Huy', '2001-02-27', 'Nam', 'HTTT2', '0962546500', 'Đà Nẵng'),
('2225065278', 'Vũ Thị Vy', '2002-05-21', 'Nam', 'HTTT1', '0970695474', 'Nam Định'),
('2225303792', 'Hoàng Ngọc Trang', '2004-05-18', 'Nam', 'HTTT2', '0951227518', 'Hà Nội'),
('2225304482', 'Phạm Đức Yến', '1999-02-02', 'Nam', 'HTTT2', '0971580289', 'Đà Nẵng'),
('2225394637', 'Bùi Tuấn Dũng', '2001-07-04', 'Nữ', 'HTTT2', '0922918008', 'Nghệ An'),
('2225652653', 'Lê Hữu Quân', '2003-10-03', 'Nữ', 'CNTT3', '0924138027', 'Nghệ An'),
('2225690622', 'Bùi Xuân Dũng', '2004-02-27', 'Nữ', 'CNTT3', '0934518274', 'Đà Nẵng'),
('2225744003', 'Vũ Quang Nam', '2000-10-26', 'Nữ', 'HTTT1', '0947565444', 'Hà Nội'),
('2225765591', 'Hoàng Thanh Linh', '2005-03-26', 'Nam', 'HTTT1', '0979832767', 'Nam Định'),
('2225813573', 'Hoàng Xuân Linh', '2001-09-25', 'Nữ', 'CNTT1', '0913902088', 'Thanh Hóa'),
('2225816209', 'Đặng Quang Dũng', '1999-07-08', 'Nam', 'HTTT1', '0968587405', 'Nam Định'),
('2225881597', 'Hoàng Văn Vy', '2000-10-02', 'Nam', 'CNTT1', '0993987603', 'Nghệ An'),
('2225908101', 'Đặng Văn Bình', '2003-12-12', 'Nam', 'Công nghệ phần mềm 1', '0965956231', 'Hà Nội'),
('2226000714', 'Hoàng Văn Vy', '2001-06-19', 'Nam', 'CNTT1', '0999197501', 'Đà Nẵng'),
('2226005996', 'Bùi Thanh Bình', '2002-08-18', 'Nam', 'HTTT1', '0981603427', 'TP.HCM'),
('2226051322', 'Lê Quang Quân', '2002-08-04', 'Nam', 'HTTT2', '0966509382', 'Thanh Hóa'),
('2226077815', 'Vũ Quang Nam', '2000-10-23', 'Nam', 'HTTT1', '0958876063', 'Đà Nẵng'),
('2226141157', 'Phạm Tuấn Vy', '2004-06-26', 'Nam', 'Công nghệ phần mềm 1', '0931512337', 'Thanh Hóa'),
('2226185004', 'Bùi Minh Yến', '2003-11-05', 'Nữ', 'HTTT2', '0965625946', 'TP.HCM'),
('2226236603', 'Bùi Thanh Linh', '2004-06-17', 'Nữ', 'CNTT3', '0985981136', 'TP.HCM'),
('2226480944', 'Nguyễn Ngọc Bình', '2003-10-14', 'Nữ', 'HTTT2', '0944303171', 'Nghệ An'),
('2226571648', 'Nguyễn Xuân Huy', '2001-01-13', 'Nam', 'CNTT3', '0976352383', 'Nam Định'),
('2226776836', 'Phạm Hữu Linh', '1999-06-01', 'Nam', 'HTTT1', '0940248102', 'Đà Nẵng'),
('2226812494', 'Vũ Quang Huy', '2004-04-19', 'Nam', 'CNTT3', '0936880650', 'Nghệ An'),
('2227068628', 'Bùi Hữu Nam', '1999-02-22', 'Nữ', 'CNTT1', '0964375628', 'Hải Phòng'),
('2227108882', 'Đặng Quang Châu', '2005-08-17', 'Nữ', 'HTTT1', '0918910394', 'Nghệ An'),
('2227119239', 'Hoàng Văn Mai', '2002-02-15', 'Nam', 'HTTT2', '0937876505', 'Hải Phòng'),
('2227157398', 'Phạm Tuấn Trang', '2004-11-28', 'Nữ', 'CNTT1', '0939890211', 'TP.HCM'),
('2227369152', 'Đặng Hữu Phong', '2003-07-03', 'Nữ', 'CNTT1', '0931530238', 'TP.HCM'),
('2227420574', 'Phạm Quang Linh', '2001-09-01', 'Nữ', 'CNTT1', '0953502060', 'Thanh Hóa'),
('2227568296', 'Trần Thị Nam', '2003-10-17', 'Nam', 'HTTT1', '0919091122', 'Đà Nẵng'),
('2227698813', 'Bùi Thị Phong', '2000-01-17', 'Nữ', 'CNTT1', '0927884898', 'Hà Nội'),
('2227723786', 'Đặng Thị An', '2002-11-21', 'Nữ', 'CNTT1', '0916601236', 'Thanh Hóa'),
('2227817393', 'Phạm Ngọc Trang', '2000-03-17', 'Nữ', 'HTTT1', '0953409836', 'TP.HCM'),
('2228145223', 'Trần Minh Quân', '2004-07-15', 'Nữ', 'HTTT2', '0983588436', 'TP.HCM'),
('2228186949', 'Bùi Minh Huy', '2003-03-13', 'Nữ', 'CNTT2', '0999233348', 'Hà Nội'),
('2228292304', 'Nguyễn Đức Mai', '2001-04-06', 'Nữ', 'CNTT1', '0988010533', 'Thanh Hóa'),
('2228319165', 'Phạm Thị Trang', '2004-06-03', 'Nữ', 'HTTT2', '0925467700', 'Thanh Hóa'),
('2228332096', 'Nguyễn Ngọc Mai', '1999-06-10', 'Nam', 'HTTT1', '0934870151', 'Hà Nội'),
('2228478329', 'Bùi Đức Mai', '2002-10-10', 'Nữ', 'HTTT2', '0910613413', 'Thanh Hóa'),
('2228491211', 'Đặng Hữu Khánh', '2002-07-22', 'Nam', 'CNTT3', '0927025921', 'TP.HCM'),
('2228600598', 'Đặng Văn Linh', '2005-04-21', 'Nam', 'CNTT2', '0932086558', 'Hà Nội'),
('2228809029', 'Đặng Tuấn Linh', '2005-04-05', 'Nữ', 'CNTT2', '0934198439', 'Nghệ An'),
('2228832877', 'Trần Tuấn Khánh', '2005-02-24', 'Nam', 'Công nghệ phần mềm 1', '0972663806', 'Nam Định'),
('2228957505', 'Nguyễn Tuấn Bình', '2001-05-14', 'Nữ', 'HTTT1', '0982800405', 'Đà Nẵng'),
('2229009089', 'Phạm Xuân Linh', '1999-08-20', 'Nữ', 'HTTT2', '0930850768', 'TP.HCM'),
('2229145996', 'Lê Thanh Yến', '2003-10-22', 'Nữ', 'CNTT2', '0934556272', 'Hà Nội'),
('2229217089', 'Nguyễn Đức Yến', '2000-10-13', 'Nữ', 'Công nghệ phần mềm 1', '0956553066', 'Hà Nội'),
('2229284663', 'Trần Minh Nam', '2002-10-17', 'Nữ', 'HTTT1', '0941618840', 'Nghệ An'),
('2229328481', 'Đặng Đức Dũng', '2001-08-26', 'Nữ', 'HTTT1', '0947241642', 'TP.HCM'),
('2229462930', 'Phạm Văn Phong', '2000-06-04', 'Nữ', 'Công nghệ phần mềm 1', '0987691055', 'Hà Nội'),
('2229551355', 'Lê Thị Bình', '2004-11-23', 'Nữ', 'CNTT1', '0944945332', 'Nam Định'),
('2229610321', 'Lê Xuân Vy', '2002-11-17', 'Nam', 'CNTT3', '0985245410', 'Nghệ An'),
('2229615247', 'Nguyễn Ngọc Quân', '2004-07-20', 'Nữ', 'CNTT1', '0938060437', 'TP.HCM'),
('2229840052', 'Hoàng Tuấn Bình', '2003-02-15', 'Nữ', 'CNTT1', '0959156564', 'Hà Nội'),
('2230074024', 'Vũ Đức Mai', '2002-02-21', 'Nữ', 'CNTT2', '0968416136', 'Nam Định'),
('2230160734', 'Bùi Quang Yến', '2003-09-04', 'Nam', 'CNTT3', '0964681520', 'Đà Nẵng'),
('2230260292', 'Bùi Ngọc Yến', '1999-06-11', 'Nữ', 'CNTT1', '0974198500', 'Nam Định'),
('2230274418', 'Phạm Đức Vy', '2005-12-04', 'Nữ', 'HTTT1', '0925142094', 'Hà Nội'),
('2230386812', 'Phạm Xuân Trang', '2001-12-02', 'Nữ', 'CNTT3', '0951941486', 'TP.HCM'),
('2230566951', 'Đặng Quang Yến', '2005-09-08', 'Nữ', 'HTTT1', '0990281027', 'Hà Nội'),
('2230569326', 'Đặng Xuân Mai', '2004-06-08', 'Nam', 'HTTT2', '0928742268', 'Đà Nẵng'),
('2230581546', 'Phạm Minh Châu', '1999-09-05', 'Nam', 'Công nghệ phần mềm 1', '0934185646', 'Nghệ An'),
('2230649362', 'Nguyễn Đức Huy', '2003-12-22', 'Nam', 'HTTT2', '0970064180', 'Hà Nội'),
('2230688730', 'Lê Tuấn Huy', '2003-10-14', 'Nữ', 'CNTT3', '0936405783', 'Đà Nẵng'),
('2230742117', 'Phạm Ngọc Phong', '1999-11-28', 'Nam', 'CNTT2', '0974918905', 'TP.HCM'),
('2230793101', 'Phạm Thanh Linh', '2002-10-05', 'Nam', 'HTTT2', '0930329757', 'TP.HCM'),
('2230814024', 'Nguyễn Thị Quân', '1999-10-13', 'Nam', 'Công nghệ phần mềm 1', '0971390836', 'Hà Nội'),
('2230954969', 'Bùi Văn Mai', '2000-11-25', 'Nữ', 'CNTT1', '0963263477', 'Nam Định');

-- --------------------------------------------------------

--
-- Cấu trúc bảng cho bảng `suco`
--

CREATE TABLE `suco` (
  `MaSC` int(11) NOT NULL,
  `MaPhong` varchar(20) DEFAULT NULL,
  `MoTa` varchar(255) DEFAULT NULL,
  `NgayBao` date DEFAULT NULL,
  `TrangThai` varchar(50) DEFAULT NULL
) ENGINE=InnoDB DEFAULT CHARSET=utf8mb4 COLLATE=utf8mb4_unicode_ci;

--
-- Đang đổ dữ liệu cho bảng `suco`
--

INSERT INTO `suco` (`MaSC`, `MaPhong`, `MoTa`, `NgayBao`, `TrangThai`) VALUES
(1, '3811', 'Tường nứt', '2025-12-13', 'Đang xử lý'),
(2, '5311', 'Tường nứt', '2025-11-11', 'Chưa xử lý'),
(3, '8649', 'Sàn thấm nước', '2025-12-07', 'Chưa xử lý'),
(4, '4035', 'Cửa sổ kêu', '2025-11-08', 'Đã xử lý'),
(5, '9009', 'Sàn thấm nước', '2025-11-18', 'Đã xử lý'),
(6, '9165', 'Máy lạnh yếu', '2025-10-29', 'Đã xử lý'),
(7, '5003', 'Máy lạnh yếu', '2025-12-12', 'Chưa xử lý'),
(8, '2870', 'Máy lạnh yếu', '2025-12-01', 'Đang xử lý'),
(9, '7937', 'Ống nước rỉ', '2025-11-21', 'Đã xử lý'),
(10, '3334', 'Cửa sổ kêu', '2025-10-24', 'Đang xử lý'),
(11, '9009', 'Ổ cắm cháy', '2025-10-30', 'Bảo trì'),
(12, '4347', 'Cửa sổ kêu', '2025-12-09', 'Đã xử lý'),
(13, '4347', 'Ống nước rỉ', '2025-12-06', 'Bảo trì'),
(14, '8649', 'Khóa cửa kẹt', '2025-11-14', 'Chưa xử lý'),
(15, '9181', 'Ổ cắm cháy', '2025-12-10', 'Bảo trì'),
(16, '6900', 'Bồn cầu nghẹt', '2025-11-22', 'Bảo trì'),
(17, '9009', 'Đèn hỏng', '2025-12-12', 'Chưa xử lý'),
(18, '9390', 'Tường nứt', '2025-10-30', 'Chưa xử lý'),
(19, '9009', 'Khóa cửa kẹt', '2025-10-23', 'Bảo trì'),
(20, '6660', 'Máy lạnh yếu', '2025-11-05', 'Bảo trì'),
(21, '4035', 'Đèn hỏng', '2025-12-01', 'Bảo trì'),
(22, '6900', 'Quạt trần rung', '2025-11-02', 'Đã xử lý'),
(23, '5311', 'Ổ cắm cháy', '2025-11-23', 'Đã xử lý'),
(24, '9016', 'Cửa sổ kêu', '2025-10-16', 'Chưa xử lý'),
(25, '3479', 'Tường nứt', '2025-11-13', 'Đã xử lý'),
(26, '5311', 'Ổ cắm cháy', '2025-11-26', 'Chưa xử lý'),
(27, '5825', 'Khóa cửa kẹt', '2025-10-30', 'Đã xử lý'),
(28, '6660', 'Sàn thấm nước', '2025-11-28', 'Đã xử lý'),
(29, '6660', 'Tường nứt', '2025-10-20', 'Đang xử lý'),
(30, '9181', 'Bồn cầu nghẹt', '2025-12-12', 'Đang xử lý'),
(31, '2870', 'Máy lạnh yếu', '2025-11-11', 'Đang xử lý'),
(32, '9009', 'Cửa sổ kêu', '2025-11-28', 'Đang xử lý'),
(33, '9009', 'Ổ cắm cháy', '2025-10-30', 'Đã xử lý'),
(34, '7937', 'Tường nứt', '2025-11-25', 'Đã xử lý'),
(35, '6900', 'Ổ cắm cháy', '2025-11-19', 'Chưa xử lý'),
(36, '6900', 'Khóa cửa kẹt', '2025-12-15', 'Bảo trì'),
(37, '2870', 'Bồn cầu nghẹt', '2025-11-26', 'Chưa xử lý'),
(38, '9390', 'Khóa cửa kẹt', '2025-10-31', 'Đang xử lý'),
(39, '9016', 'Khóa cửa kẹt', '2025-10-29', 'Đang xử lý'),
(40, '2870', 'Sàn thấm nước', '2025-11-09', 'Đã xử lý');

-- --------------------------------------------------------

--
-- Cấu trúc bảng cho bảng `thanhtoan`
--

CREATE TABLE `thanhtoan` (
  `MaTT` int(11) NOT NULL,
  `MaSV` varchar(20) DEFAULT NULL,
  `SoTien` int(11) DEFAULT NULL,
  `NgayTT` date DEFAULT NULL,
  `NoiDung` varchar(200) DEFAULT NULL
) ENGINE=InnoDB DEFAULT CHARSET=utf8mb4 COLLATE=utf8mb4_unicode_ci;

--
-- Đang đổ dữ liệu cho bảng `thanhtoan`
--

INSERT INTO `thanhtoan` (`MaTT`, `MaSV`, `SoTien`, `NgayTT`, `NoiDung`) VALUES
(1, '2229551355', 2403094, '2025-07-31', 'Đóng tiền điện'),
(2, '2229145996', 3549646, '2025-02-07', 'Phí an ninh'),
(3, '2223987945', 3212270, '2025-10-13', 'Phí vệ sinh'),
(4, '2227817393', 1009388, '2025-02-05', 'Đóng tiền phòng'),
(5, '2227068628', 1533434, '2025-06-22', 'Phí vệ sinh'),
(6, '2225765591', 2046965, '2024-12-18', 'Đóng tiền internet'),
(7, '2221065129', 1989540, '2025-10-30', 'Đóng tiền phòng'),
(8, '2226141157', 2068720, '2025-08-14', 'Phí vệ sinh'),
(9, '2226185004', 1402222, '2025-08-11', 'Đóng tiền phòng'),
(10, '2227108882', 680318, '2025-01-16', 'Đóng tiền nước'),
(11, '2230649362', 3984135, '2025-03-29', 'Đóng tiền điện'),
(12, '2226000714', 4059854, '2025-01-30', 'Phí an ninh'),
(13, '2225394637', 3014750, '2025-08-14', 'Phí an ninh'),
(14, '2230649362', 1083248, '2025-02-20', 'Phí an ninh'),
(15, '2223159913', 4952971, '2025-02-14', 'Đóng tiền internet'),
(16, '2227369152', 4877885, '2025-04-29', 'Phí an ninh'),
(17, '2228491211', 2089023, '2024-12-15', 'Phí vệ sinh'),
(18, '2228332096', 1287415, '2025-01-01', 'Đóng tiền điện'),
(19, '2228145223', 4735821, '2025-02-14', 'Đóng tiền nước'),
(20, '2229284663', 1397218, '2025-02-10', 'Phí vệ sinh'),
(21, '2230954969', 4271396, '2025-01-13', 'Phí vệ sinh'),
(22, '2226571648', 3262380, '2025-11-08', 'Đóng tiền phòng'),
(23, '2230386812', 2095395, '2025-09-17', 'Đóng tiền internet'),
(24, '2227723786', 1272109, '2025-10-01', 'Phí vệ sinh'),
(25, '2228332096', 3957929, '2025-05-04', 'Đóng tiền internet'),
(26, '2224897039', 2468906, '2024-12-22', 'Đóng tiền internet'),
(27, '2228957505', 1948162, '2025-10-30', 'Phí an ninh'),
(28, '2226141157', 2028635, '2025-10-25', 'Đóng tiền nước'),
(29, '2228292304', 2651141, '2025-08-12', 'Phí vệ sinh'),
(30, '2230386812', 1841264, '2025-07-03', 'Đóng tiền điện'),
(31, '2224115607', 4580306, '2025-06-15', 'Đóng tiền nước'),
(32, '2223143203', 3729292, '2025-04-08', 'Phí vệ sinh'),
(33, '2226571648', 1120018, '2025-08-30', 'Đóng tiền phòng'),
(34, '2226077815', 1195782, '2025-04-09', 'Đóng tiền điện'),
(35, '2227369152', 4327225, '2025-04-28', 'Đóng tiền phòng'),
(36, '2228478329', 4357460, '2025-10-07', 'Phí an ninh'),
(37, '2223350578', 578913, '2025-04-02', 'Đóng tiền phòng'),
(38, '2230954969', 1970336, '2025-12-03', 'Đóng tiền internet'),
(39, '2227108882', 1384240, '2025-01-02', 'Đóng tiền điện'),
(40, '2230074024', 3492742, '2025-04-16', 'Đóng tiền nước'),
(41, '2230954969', 661829, '2025-09-08', 'Đóng tiền phòng'),
(42, '2224115607', 882141, '2025-07-24', 'Đóng tiền điện'),
(43, '2226776836', 4520304, '2025-03-05', 'Đóng tiền nước'),
(44, '2229462930', 3183443, '2025-12-11', 'Đóng tiền internet'),
(45, '2221842345', 4992568, '2025-07-30', 'Đóng tiền internet'),
(46, '2221236965', 1417580, '2024-12-20', 'Phí an ninh'),
(47, '2222457982', 4192005, '2025-08-14', 'Phí an ninh'),
(48, '2221236965', 3483085, '2025-03-23', 'Đóng tiền phòng'),
(49, '2228145223', 4562019, '2025-04-19', 'Phí vệ sinh'),
(50, '2226051322', 553487, '2025-04-21', 'Phí vệ sinh'),
(51, '2226236603', 3854344, '2025-11-04', 'Phí an ninh'),
(52, '2230954969', 2851614, '2025-09-18', 'Đóng tiền internet'),
(53, '2228957505', 3377078, '2025-11-13', 'Đóng tiền điện'),
(54, '2222706654', 4852697, '2025-10-17', 'Phí an ninh'),
(55, '2226236603', 2025668, '2025-08-28', 'Đóng tiền phòng'),
(56, '2228809029', 4131586, '2025-11-29', 'Đóng tiền internet'),
(57, '2228292304', 3224721, '2025-05-18', 'Đóng tiền điện'),
(58, '2221236965', 4090139, '2025-11-25', 'Phí an ninh'),
(59, '2224733285', 756129, '2025-04-23', 'Đóng tiền điện'),
(60, '2224752032', 2358182, '2024-12-22', 'Đóng tiền nước'),
(61, '2228491211', 3078456, '2025-12-04', 'Phí an ninh'),
(62, '2230814024', 1443610, '2025-03-19', 'Đóng tiền internet'),
(63, '2225394637', 3552192, '2025-03-24', 'Đóng tiền điện'),
(64, '2224897039', 4491307, '2025-06-10', 'Đóng tiền phòng'),
(65, '2227119239', 4169445, '2025-04-23', 'Phí an ninh'),
(66, '2229610321', 3045471, '2025-11-13', 'Đóng tiền phòng'),
(67, '2225304482', 3210064, '2025-03-12', 'Đóng tiền nước'),
(68, '2225813573', 3856989, '2025-11-19', 'Phí an ninh'),
(69, '2221505547', 3667801, '2024-12-27', 'Phí an ninh'),
(70, '2229610321', 4222817, '2025-05-28', 'Phí vệ sinh'),
(71, '2223535728', 1229852, '2025-07-06', 'Đóng tiền điện'),
(72, '2227698813', 1834245, '2025-04-12', 'Đóng tiền điện'),
(73, '2230954969', 1852556, '2025-09-18', 'Đóng tiền điện'),
(74, '2229551355', 882204, '2024-12-17', 'Đóng tiền phòng'),
(75, '2228809029', 4991809, '2025-01-05', 'Đóng tiền phòng'),
(76, '2224733285', 2005633, '2025-11-05', 'Phí an ninh'),
(77, '2224390579', 4528273, '2025-07-31', 'Đóng tiền phòng'),
(78, '2222631087', 991644, '2025-06-17', 'Đóng tiền nước'),
(79, '2230581546', 4853757, '2025-02-23', 'Phí an ninh'),
(80, '2225304482', 2427493, '2025-10-17', 'Đóng tiền điện'),
(81, '2230386812', 4113746, '2025-04-27', 'Đóng tiền phòng'),
(82, '2230954969', 4570061, '2025-11-14', 'Phí an ninh'),
(83, '2221704256', 2345079, '2025-12-11', 'Đóng tiền internet'),
(84, '2230074024', 2398258, '2025-11-30', 'Đóng tiền nước'),
(85, '2230274418', 3243513, '2025-02-24', 'Phí an ninh'),
(86, '2230274418', 4507387, '2025-09-28', 'Phí vệ sinh'),
(87, '2229009089', 1988240, '2025-10-05', 'Đóng tiền internet'),
(88, '2226236603', 2601822, '2025-08-29', 'Đóng tiền điện'),
(89, '2228332096', 1566511, '2025-09-19', 'Phí an ninh'),
(90, '2228957505', 2531480, '2025-06-28', 'Đóng tiền điện'),
(91, '2221704256', 2860627, '2025-08-02', 'Đóng tiền điện'),
(92, '2229840052', 3380368, '2025-09-08', 'Phí an ninh'),
(93, '2224752032', 4249511, '2025-06-12', 'Đóng tiền internet'),
(94, '2230688730', 1838347, '2025-11-13', 'Đóng tiền phòng'),
(95, '2225303792', 4863819, '2025-11-07', 'Phí vệ sinh'),
(96, '2223350578', 1564649, '2025-02-27', 'Phí an ninh'),
(97, '2229217089', 1894186, '2025-01-15', 'Đóng tiền nước'),
(98, '2230569326', 3645499, '2025-07-28', 'Phí an ninh'),
(99, '2230566951', 2604858, '2025-07-17', 'Đóng tiền nước'),
(100, '2228600598', 4641150, '2025-01-09', 'Đóng tiền internet');

--
-- Chỉ mục cho các bảng đã đổ
--

--
-- Chỉ mục cho bảng `diennuoc`
--
ALTER TABLE `diennuoc`
  ADD PRIMARY KEY (`ID`),
  ADD KEY `MaPhong` (`MaPhong`);

--
-- Chỉ mục cho bảng `hopdong`
--
ALTER TABLE `hopdong`
  ADD PRIMARY KEY (`MaHD`),
  ADD KEY `MaSV` (`MaSV`),
  ADD KEY `MaPhong` (`MaPhong`);

--
-- Chỉ mục cho bảng `phong`
--
ALTER TABLE `phong`
  ADD PRIMARY KEY (`MaPhong`);

--
-- Chỉ mục cho bảng `sinhvien`
--
ALTER TABLE `sinhvien`
  ADD PRIMARY KEY (`MaSV`);

--
-- Chỉ mục cho bảng `suco`
--
ALTER TABLE `suco`
  ADD PRIMARY KEY (`MaSC`),
  ADD KEY `MaPhong` (`MaPhong`);

--
-- Chỉ mục cho bảng `thanhtoan`
--
ALTER TABLE `thanhtoan`
  ADD PRIMARY KEY (`MaTT`),
  ADD KEY `MaSV` (`MaSV`);

--
-- AUTO_INCREMENT cho các bảng đã đổ
--

--
-- AUTO_INCREMENT cho bảng `diennuoc`
--
ALTER TABLE `diennuoc`
  MODIFY `ID` int(11) NOT NULL AUTO_INCREMENT, AUTO_INCREMENT=41;

--
-- AUTO_INCREMENT cho bảng `suco`
--
ALTER TABLE `suco`
  MODIFY `MaSC` int(11) NOT NULL AUTO_INCREMENT, AUTO_INCREMENT=41;

--
-- AUTO_INCREMENT cho bảng `thanhtoan`
--
ALTER TABLE `thanhtoan`
  MODIFY `MaTT` int(11) NOT NULL AUTO_INCREMENT, AUTO_INCREMENT=101;

--
-- Các ràng buộc cho các bảng đã đổ
--

--
-- Các ràng buộc cho bảng `diennuoc`
--
ALTER TABLE `diennuoc`
  ADD CONSTRAINT `diennuoc_ibfk_1` FOREIGN KEY (`MaPhong`) REFERENCES `phong` (`MaPhong`);

--
-- Các ràng buộc cho bảng `hopdong`
--
ALTER TABLE `hopdong`
  ADD CONSTRAINT `hopdong_ibfk_1` FOREIGN KEY (`MaSV`) REFERENCES `sinhvien` (`MaSV`),
  ADD CONSTRAINT `hopdong_ibfk_2` FOREIGN KEY (`MaPhong`) REFERENCES `phong` (`MaPhong`);

--
-- Các ràng buộc cho bảng `suco`
--
ALTER TABLE `suco`
  ADD CONSTRAINT `suco_ibfk_1` FOREIGN KEY (`MaPhong`) REFERENCES `phong` (`MaPhong`);

--
-- Các ràng buộc cho bảng `thanhtoan`
--
ALTER TABLE `thanhtoan`
  ADD CONSTRAINT `thanhtoan_ibfk_1` FOREIGN KEY (`MaSV`) REFERENCES `sinhvien` (`MaSV`);
COMMIT;

/*!40101 SET CHARACTER_SET_CLIENT=@OLD_CHARACTER_SET_CLIENT */;
/*!40101 SET CHARACTER_SET_RESULTS=@OLD_CHARACTER_SET_RESULTS */;
/*!40101 SET COLLATION_CONNECTION=@OLD_COLLATION_CONNECTION */;
